{
  "features": [
    "humidity",
    "K",
    "rainfall_log",
    "moisture_index",
    "rainfall_humidity_interaction",
    "N",
    "rainfall",
    "P",
    "total_NPK",
    "P_to_K_ratio",
    "avg_NPK",
    "ph_K_interaction",
    "ph_P_interaction",
    "N_to_K_ratio",
    "ph_N_interaction",
    "temp_humidity_interaction",
    "N_to_P_ratio",
    "growing_conditions_index",
    "NPK_balance",
    "temp_rainfall_interaction",
    "temperature",
    "ph"
  ],
  "importances": [
    0.11347432888334089,
    0.10528136846928089,
    0.07432045385077023,
    0.06959690396827962,
    0.06901506755569047,
    0.06481021338425318,
    0.0569467691255789,
    0.055102629887359034,
    0.05029016531876204,
    0.04725864076325625,
    0.04724318653053476,
    0.03924433253919305,
    0.032739974299068345,
    0.03080939252319834,
    0.028840837886886246,
    0.02496923337857915,
    0.01960964125250138,
    0.019156700814393364,
    0.01845163215317535,
    0.015464361071152498,
    0.01096394161660397,
    0.006410224728142288
  ],
  "importance_sum": 1.0000000000000002
}