{
  "features": [
    "rainfall_log",
    "K",
    "N_to_K_ratio",
    "rainfall",
    "moisture_index",
    "P",
    "temp_humidity_interaction",
    "ph_P_interaction",
    "rainfall_humidity_interaction",
    "humidity",
    "N_to_P_ratio",
    "N",
    "P_to_K_ratio",
    "total_NPK",
    "ph_K_interaction",
    "temperature",
    "avg_NPK",
    "NPK_balance",
    "ph_N_interaction",
    "ph",
    "temp_rainfall_interaction",
    "growing_conditions_index"
  ],
  "importances": [
    0.12101606279611588,
    0.07742929458618164,
    0.07581596821546555,
    0.06922124326229095,
    0.06667313724756241,
    0.0559491403400898,
    0.05138295888900757,
    0.04606916382908821,
    0.04358188062906265,
    0.041387904435396194,
    0.03892189636826515,
    0.03823428973555565,
    0.03662124648690224,
    0.03640786185860634,
    0.03427351266145706,
    0.0320880301296711,
    0.030505957081913948,
    0.030379965901374817,
    0.029767967760562897,
    0.022930357605218887,
    0.011269927024841309,
    0.010072226636111736
  ],
  "importance_sum": 1.0
}